2.000000000000000000e+01,6.200000000000000000e+01,2.000000000000000000e+01,2.700000000000000000e+01,2.000000000000000000e+01,2.000000000000000000e+01,2.000000000000000000e+01,5.040000000000000000e+02,1.650000000000000000e+02,2.000000000000000000e+01,2.000000000000000000e+01,2.200000000000000000e+02,2.000000000000000000e+01,2.600000000000000000e+01,2.090000000000000000e+02,2.000000000000000000e+01,2.000000000000000000e+01,2.000000000000000000e+01,1.120000000000000000e+02,1.750000000000000000e+02,0.000000000000000000e+00
2.000000000000000000e+01,8.300000000000000000e+01,2.000000000000000000e+01,2.300000000000000000e+01,2.200000000000000000e+01,2.000000000000000000e+01,2.000000000000000000e+01,4.030000000000000000e+02,1.040000000000000000e+02,2.000000000000000000e+01,3.800000000000000000e+01,2.850000000000000000e+02,6.100000000000000000e+01,4.700000000000000000e+01,1.880000000000000000e+02,2.000000000000000000e+01,2.000000000000000000e+01,2.000000000000000000e+01,1.720000000000000000e+02,2.020000000000000000e+02,0.000000000000000000e+00
2.200000000000000000e+01,2.570000000000000000e+02,2.000000000000000000e+01,2.400000000000000000e+01,2.000000000000000000e+01,2.000000000000000000e+01,2.000000000000000000e+01,5.790000000000000000e+02,2.000000000000000000e+01,2.000000000000000000e+01,5.000000000000000000e+01,2.810000000000000000e+02,1.110000000000000000e+02,2.000000000000000000e+01,1.380000000000000000e+02,2.000000000000000000e+01,2.000000000000000000e+01,2.000000000000000000e+01,1.040000000000000000e+02,3.530000000000000000e+02,0.000000000000000000e+00
4.400000000000000000e+01,3.810000000000000000e+02,3.400000000000000000e+01,8.900000000000000000e+01,2.000000000000000000e+01,2.300000000000000000e+01,3.000000000000000000e+01,4.980000000000000000e+02,4.730000000000000000e+02,6.200000000000000000e+01,1.560000000000000000e+02,4.270000000000000000e+02,1.730000000000000000e+02,8.500000000000000000e+01,1.700000000000000000e+02,2.000000000000000000e+01,2.800000000000000000e+01,2.380000000000000000e+02,7.800000000000000000e+01,6.330000000000000000e+02,0.000000000000000000e+00
2.000000000000000000e+01,2.000000000000000000e+01,2.000000000000000000e+01,2.000000000000000000e+01,2.000000000000000000e+01,2.000000000000000000e+01,2.100000000000000000e+01,7.100000000000000000e+02,2.800000000000000000e+02,2.000000000000000000e+01,2.500000000000000000e+01,4.380000000000000000e+02,7.700000000000000000e+01,6.700000000000000000e+01,1.670000000000000000e+02,2.000000000000000000e+01,2.000000000000000000e+01,2.000000000000000000e+01,2.010000000000000000e+02,7.260000000000000000e+02,0.000000000000000000e+00
2.000000000000000000e+01,2.000000000000000000e+01,2.000000000000000000e+01,2.600000000000000000e+01,2.000000000000000000e+01,2.000000000000000000e+01,2.000000000000000000e+01,4.410000000000000000e+02,2.960000000000000000e+02,2.000000000000000000e+01,5.200000000000000000e+01,2.920000000000000000e+02,2.000000000000000000e+01,5.200000000000000000e+01,1.910000000000000000e+02,2.000000000000000000e+01,2.000000000000000000e+01,2.000000000000000000e+01,7.800000000000000000e+01,7.890000000000000000e+02,0.000000000000000000e+00
2.600000000000000000e+01,2.850000000000000000e+02,2.000000000000000000e+01,1.140000000000000000e+02,3.100000000000000000e+01,1.080000000000000000e+02,9.900000000000000000e+01,9.350000000000000000e+02,2.690000000000000000e+02,4.900000000000000000e+01,1.360000000000000000e+02,3.810000000000000000e+02,1.740000000000000000e+02,1.140000000000000000e+02,2.170000000000000000e+02,8.900000000000000000e+01,2.000000000000000000e+01,3.620000000000000000e+02,2.190000000000000000e+02,8.150000000000000000e+02,0.000000000000000000e+00
2.000000000000000000e+01,2.900000000000000000e+01,2.000000000000000000e+01,6.200000000000000000e+01,2.000000000000000000e+01,2.000000000000000000e+01,2.000000000000000000e+01,5.800000000000000000e+02,1.650000000000000000e+02,2.000000000000000000e+01,8.600000000000000000e+01,3.240000000000000000e+02,1.270000000000000000e+02,7.200000000000000000e+01,1.650000000000000000e+02,2.000000000000000000e+01,2.000000000000000000e+01,2.000000000000000000e+01,1.400000000000000000e+02,8.760000000000000000e+02,0.000000000000000000e+00
2.500000000000000000e+01,2.000000000000000000e+01,2.000000000000000000e+01,3.300000000000000000e+01,2.000000000000000000e+01,2.000000000000000000e+01,2.000000000000000000e+01,8.850000000000000000e+02,3.030000000000000000e+02,3.600000000000000000e+01,3.800000000000000000e+01,3.120000000000000000e+02,4.500000000000000000e+01,1.340000000000000000e+02,1.420000000000000000e+02,2.000000000000000000e+01,2.000000000000000000e+01,8.600000000000000000e+01,9.600000000000000000e+01,9.600000000000000000e+02,0.000000000000000000e+00
2.000000000000000000e+01,3.410000000000000000e+02,2.000000000000000000e+01,1.410000000000000000e+02,2.000000000000000000e+01,2.000000000000000000e+01,2.000000000000000000e+01,8.760000000000000000e+02,2.280000000000000000e+02,2.000000000000000000e+01,2.000000000000000000e+01,4.430000000000000000e+02,9.000000000000000000e+01,8.700000000000000000e+01,1.410000000000000000e+02,2.000000000000000000e+01,2.000000000000000000e+01,2.000000000000000000e+01,1.460000000000000000e+02,9.820000000000000000e+02,0.000000000000000000e+00
1.550000000000000000e+02,9.240000000000000000e+02,1.280000000000000000e+02,3.290000000000000000e+02,2.610000000000000000e+02,3.330000000000000000e+02,5.640000000000000000e+02,9.320000000000000000e+02,1.035000000000000000e+03,1.690000000000000000e+02,5.410000000000000000e+02,7.390000000000000000e+02,4.580000000000000000e+02,1.960000000000000000e+02,2.210000000000000000e+02,1.250000000000000000e+02,9.500000000000000000e+01,1.057000000000000000e+03,1.990000000000000000e+02,7.770000000000000000e+02,1.000000000000000000e+00
1.020000000000000000e+02,1.081000000000000000e+03,9.400000000000000000e+01,3.140000000000000000e+02,1.850000000000000000e+02,2.690000000000000000e+02,3.420000000000000000e+02,8.580000000000000000e+02,1.069000000000000000e+03,1.200000000000000000e+02,5.860000000000000000e+02,7.820000000000000000e+02,2.860000000000000000e+02,2.140000000000000000e+02,2.370000000000000000e+02,1.030000000000000000e+02,1.580000000000000000e+02,1.244000000000000000e+03,2.090000000000000000e+02,7.920000000000000000e+02,1.000000000000000000e+00
1.150000000000000000e+02,1.358000000000000000e+03,1.020000000000000000e+02,3.960000000000000000e+02,1.920000000000000000e+02,3.030000000000000000e+02,6.890000000000000000e+02,8.590000000000000000e+02,9.970000000000000000e+02,1.380000000000000000e+02,4.500000000000000000e+02,9.190000000000000000e+02,5.770000000000000000e+02,1.970000000000000000e+02,2.430000000000000000e+02,1.230000000000000000e+02,6.200000000000000000e+01,1.628000000000000000e+03,2.150000000000000000e+02,8.890000000000000000e+02,1.000000000000000000e+00
1.190000000000000000e+02,1.120000000000000000e+03,9.200000000000000000e+01,2.930000000000000000e+02,1.210000000000000000e+02,1.590000000000000000e+02,3.940000000000000000e+02,8.260000000000000000e+02,8.960000000000000000e+02,2.210000000000000000e+02,3.190000000000000000e+02,8.130000000000000000e+02,4.230000000000000000e+02,2.480000000000000000e+02,2.090000000000000000e+02,7.700000000000000000e+01,1.790000000000000000e+02,1.389000000000000000e+03,1.820000000000000000e+02,9.290000000000000000e+02,1.000000000000000000e+00
9.200000000000000000e+01,1.499000000000000000e+03,6.300000000000000000e+01,3.650000000000000000e+02,1.750000000000000000e+02,4.360000000000000000e+02,5.120000000000000000e+02,9.920000000000000000e+02,8.720000000000000000e+02,1.810000000000000000e+02,2.770000000000000000e+02,7.890000000000000000e+02,4.320000000000000000e+02,2.390000000000000000e+02,2.400000000000000000e+02,9.900000000000000000e+01,1.380000000000000000e+02,7.090000000000000000e+02,2.380000000000000000e+02,9.310000000000000000e+02,1.000000000000000000e+00
1.180000000000000000e+02,9.230000000000000000e+02,7.300000000000000000e+01,3.310000000000000000e+02,1.530000000000000000e+02,3.780000000000000000e+02,5.760000000000000000e+02,8.430000000000000000e+02,8.740000000000000000e+02,1.630000000000000000e+02,3.410000000000000000e+02,6.310000000000000000e+02,5.690000000000000000e+02,1.920000000000000000e+02,1.990000000000000000e+02,8.200000000000000000e+01,9.400000000000000000e+01,1.068000000000000000e+03,1.940000000000000000e+02,1.026000000000000000e+03,1.000000000000000000e+00
2.000000000000000000e+01,2.000000000000000000e+01,2.000000000000000000e+01,2.000000000000000000e+01,5.700000000000000000e+01,2.000000000000000000e+01,2.000000000000000000e+01,7.900000000000000000e+01,1.050000000000000000e+02,2.000000000000000000e+01,2.000000000000000000e+01,6.900000000000000000e+01,2.000000000000000000e+01,2.000000000000000000e+01,3.000000000000000000e+01,2.000000000000000000e+01,2.000000000000000000e+01,2.000000000000000000e+01,2.000000000000000000e+01,2.000000000000000000e+01,2.000000000000000000e+00
2.000000000000000000e+01,2.000000000000000000e+01,2.000000000000000000e+01,2.000000000000000000e+01,2.000000000000000000e+01,2.000000000000000000e+01,2.000000000000000000e+01,6.700000000000000000e+01,2.000000000000000000e+01,2.000000000000000000e+01,2.000000000000000000e+01,4.800000000000000000e+01,1.930000000000000000e+02,2.300000000000000000e+01,3.200000000000000000e+01,2.000000000000000000e+01,2.000000000000000000e+01,2.000000000000000000e+01,2.000000000000000000e+01,2.000000000000000000e+01,2.000000000000000000e+00
2.000000000000000000e+01,2.000000000000000000e+01,2.000000000000000000e+01,2.000000000000000000e+01,2.000000000000000000e+01,2.000000000000000000e+01,2.600000000000000000e+01,1.240000000000000000e+02,7.200000000000000000e+01,2.000000000000000000e+01,2.000000000000000000e+01,1.490000000000000000e+02,2.000000000000000000e+01,2.000000000000000000e+01,3.500000000000000000e+01,2.000000000000000000e+01,2.000000000000000000e+01,2.000000000000000000e+01,2.000000000000000000e+01,2.000000000000000000e+01,2.000000000000000000e+00
2.000000000000000000e+01,2.000000000000000000e+01,2.000000000000000000e+01,2.000000000000000000e+01,2.000000000000000000e+01,2.000000000000000000e+01,2.000000000000000000e+01,9.500000000000000000e+01,2.000000000000000000e+01,2.000000000000000000e+01,2.000000000000000000e+01,1.050000000000000000e+02,2.000000000000000000e+01,2.000000000000000000e+01,6.300000000000000000e+01,2.000000000000000000e+01,2.000000000000000000e+01,2.000000000000000000e+01,2.000000000000000000e+01,2.000000000000000000e+01,2.000000000000000000e+00
2.000000000000000000e+01,2.000000000000000000e+01,2.000000000000000000e+01,2.000000000000000000e+01,2.000000000000000000e+01,2.000000000000000000e+01,2.500000000000000000e+01,1.320000000000000000e+02,2.000000000000000000e+01,4.000000000000000000e+01,2.700000000000000000e+01,8.100000000000000000e+01,2.500000000000000000e+01,2.100000000000000000e+01,6.400000000000000000e+01,2.000000000000000000e+01,2.000000000000000000e+01,2.000000000000000000e+01,2.100000000000000000e+01,2.000000000000000000e+01,2.000000000000000000e+00
2.000000000000000000e+01,2.000000000000000000e+01,2.000000000000000000e+01,2.000000000000000000e+01,2.000000000000000000e+01,2.000000000000000000e+01,3.200000000000000000e+01,2.200000000000000000e+01,4.000000000000000000e+01,2.000000000000000000e+01,2.000000000000000000e+01,1.210000000000000000e+02,2.000000000000000000e+01,2.000000000000000000e+01,2.000000000000000000e+01,2.000000000000000000e+01,2.000000000000000000e+01,2.000000000000000000e+01,2.400000000000000000e+01,2.000000000000000000e+01,2.000000000000000000e+00
2.000000000000000000e+01,2.000000000000000000e+01,2.000000000000000000e+01,3.600000000000000000e+01,4.000000000000000000e+01,2.000000000000000000e+01,2.000000000000000000e+01,1.710000000000000000e+02,8.800000000000000000e+01,2.000000000000000000e+01,2.000000000000000000e+01,6.200000000000000000e+01,2.000000000000000000e+01,2.000000000000000000e+01,2.000000000000000000e+01,2.000000000000000000e+01,2.000000000000000000e+01,2.000000000000000000e+01,2.900000000000000000e+01,2.000000000000000000e+01,2.000000000000000000e+00
2.000000000000000000e+01,2.000000000000000000e+01,2.000000000000000000e+01,2.000000000000000000e+01,2.200000000000000000e+01,2.000000000000000000e+01,2.000000000000000000e+01,1.120000000000000000e+02,2.000000000000000000e+01,2.700000000000000000e+01,2.600000000000000000e+01,8.800000000000000000e+01,2.000000000000000000e+01,2.000000000000000000e+01,7.200000000000000000e+01,2.000000000000000000e+01,2.000000000000000000e+01,2.000000000000000000e+01,3.400000000000000000e+01,2.000000000000000000e+01,2.000000000000000000e+00
2.000000000000000000e+01,2.000000000000000000e+01,2.000000000000000000e+01,2.000000000000000000e+01,2.000000000000000000e+01,2.000000000000000000e+01,2.000000000000000000e+01,7.400000000000000000e+01,1.660000000000000000e+02,2.000000000000000000e+01,2.000000000000000000e+01,1.400000000000000000e+02,2.000000000000000000e+01,2.000000000000000000e+01,5.900000000000000000e+01,2.000000000000000000e+01,2.000000000000000000e+01,2.000000000000000000e+01,4.800000000000000000e+01,2.000000000000000000e+01,2.000000000000000000e+00
2.000000000000000000e+01,2.000000000000000000e+01,2.000000000000000000e+01,2.000000000000000000e+01,2.000000000000000000e+01,2.000000000000000000e+01,2.000000000000000000e+01,2.000000000000000000e+01,4.200000000000000000e+01,2.000000000000000000e+01,2.000000000000000000e+01,4.600000000000000000e+01,2.000000000000000000e+01,2.000000000000000000e+01,2.000000000000000000e+01,2.000000000000000000e+01,2.000000000000000000e+01,2.000000000000000000e+01,6.000000000000000000e+01,2.000000000000000000e+01,2.000000000000000000e+00
2.000000000000000000e+01,2.000000000000000000e+01,2.000000000000000000e+01,2.000000000000000000e+01,2.000000000000000000e+01,2.000000000000000000e+01,2.000000000000000000e+01,1.420000000000000000e+02,9.700000000000000000e+01,2.000000000000000000e+01,2.000000000000000000e+01,1.210000000000000000e+02,2.000000000000000000e+01,2.000000000000000000e+01,6.100000000000000000e+01,2.000000000000000000e+01,2.000000000000000000e+01,2.000000000000000000e+01,6.100000000000000000e+01,2.000000000000000000e+01,2.000000000000000000e+00
4.600000000000000000e+01,2.000000000000000000e+01,2.000000000000000000e+01,2.000000000000000000e+01,2.200000000000000000e+01,2.000000000000000000e+01,2.000000000000000000e+01,2.180000000000000000e+02,4.900000000000000000e+01,2.000000000000000000e+01,2.000000000000000000e+01,6.700000000000000000e+01,2.000000000000000000e+01,2.000000000000000000e+01,5.400000000000000000e+01,2.000000000000000000e+01,2.000000000000000000e+01,2.000000000000000000e+01,4.900000000000000000e+01,2.100000000000000000e+01,2.000000000000000000e+00
2.000000000000000000e+01,2.000000000000000000e+01,2.000000000000000000e+01,2.000000000000000000e+01,2.000000000000000000e+01,2.000000000000000000e+01,2.900000000000000000e+01,6.200000000000000000e+01,2.500000000000000000e+01,2.000000000000000000e+01,2.000000000000000000e+01,4.200000000000000000e+01,2.000000000000000000e+01,2.000000000000000000e+01,2.000000000000000000e+01,2.000000000000000000e+01,2.000000000000000000e+01,2.000000000000000000e+01,4.000000000000000000e+01,2.400000000000000000e+01,2.000000000000000000e+00
2.000000000000000000e+01,2.000000000000000000e+01,2.000000000000000000e+01,2.000000000000000000e+01,2.000000000000000000e+01,2.000000000000000000e+01,2.000000000000000000e+01,1.210000000000000000e+02,2.200000000000000000e+01,4.900000000000000000e+01,2.000000000000000000e+01,1.110000000000000000e+02,8.200000000000000000e+01,2.000000000000000000e+01,4.800000000000000000e+01,2.000000000000000000e+01,2.000000000000000000e+01,2.000000000000000000e+01,2.000000000000000000e+01,2.600000000000000000e+01,2.000000000000000000e+00
2.000000000000000000e+01,2.000000000000000000e+01,2.000000000000000000e+01,2.000000000000000000e+01,2.000000000000000000e+01,2.000000000000000000e+01,2.000000000000000000e+01,5.100000000000000000e+01,7.600000000000000000e+01,2.000000000000000000e+01,2.000000000000000000e+01,1.390000000000000000e+02,2.000000000000000000e+01,2.000000000000000000e+01,5.400000000000000000e+01,2.000000000000000000e+01,2.000000000000000000e+01,2.300000000000000000e+01,2.700000000000000000e+01,2.700000000000000000e+01,2.000000000000000000e+00
2.000000000000000000e+01,2.000000000000000000e+01,2.000000000000000000e+01,2.000000000000000000e+01,2.000000000000000000e+01,2.000000000000000000e+01,2.000000000000000000e+01,2.000000000000000000e+01,3.500000000000000000e+01,2.000000000000000000e+01,2.000000000000000000e+01,1.250000000000000000e+02,2.000000000000000000e+01,2.000000000000000000e+01,2.000000000000000000e+01,2.000000000000000000e+01,2.000000000000000000e+01,2.000000000000000000e+01,2.400000000000000000e+01,2.800000000000000000e+01,2.000000000000000000e+00
2.000000000000000000e+01,2.000000000000000000e+01,2.000000000000000000e+01,2.000000000000000000e+01,2.000000000000000000e+01,2.000000000000000000e+01,2.000000000000000000e+01,8.800000000000000000e+01,2.200000000000000000e+01,2.000000000000000000e+01,2.000000000000000000e+01,1.120000000000000000e+02,2.000000000000000000e+01,2.000000000000000000e+01,2.200000000000000000e+01,2.000000000000000000e+01,2.000000000000000000e+01,2.000000000000000000e+01,2.300000000000000000e+01,3.600000000000000000e+01,2.000000000000000000e+00
2.000000000000000000e+01,2.000000000000000000e+01,2.000000000000000000e+01,2.000000000000000000e+01,2.600000000000000000e+01,2.000000000000000000e+01,2.000000000000000000e+01,1.010000000000000000e+02,2.000000000000000000e+01,2.000000000000000000e+01,2.500000000000000000e+01,9.900000000000000000e+01,2.100000000000000000e+01,2.000000000000000000e+01,4.500000000000000000e+01,2.000000000000000000e+01,2.000000000000000000e+01,2.000000000000000000e+01,2.000000000000000000e+01,4.000000000000000000e+01,2.000000000000000000e+00
2.000000000000000000e+01,2.000000000000000000e+01,2.000000000000000000e+01,2.000000000000000000e+01,2.800000000000000000e+01,2.000000000000000000e+01,5.400000000000000000e+01,1.010000000000000000e+02,1.140000000000000000e+02,2.000000000000000000e+01,2.000000000000000000e+01,1.580000000000000000e+02,2.200000000000000000e+01,2.000000000000000000e+01,3.600000000000000000e+01,2.000000000000000000e+01,2.000000000000000000e+01,2.000000000000000000e+01,2.600000000000000000e+01,4.100000000000000000e+01,2.000000000000000000e+00
2.000000000000000000e+01,2.000000000000000000e+01,2.000000000000000000e+01,2.000000000000000000e+01,2.800000000000000000e+01,2.000000000000000000e+01,8.100000000000000000e+01,1.690000000000000000e+02,8.700000000000000000e+01,2.000000000000000000e+01,2.000000000000000000e+01,1.330000000000000000e+02,2.000000000000000000e+01,2.000000000000000000e+01,5.900000000000000000e+01,2.000000000000000000e+01,2.000000000000000000e+01,2.000000000000000000e+01,2.000000000000000000e+01,4.300000000000000000e+01,2.000000000000000000e+00
2.000000000000000000e+01,1.250000000000000000e+02,2.000000000000000000e+01,2.000000000000000000e+01,2.000000000000000000e+01,2.000000000000000000e+01,2.000000000000000000e+01,2.710000000000000000e+02,3.000000000000000000e+01,2.000000000000000000e+01,2.000000000000000000e+01,2.230000000000000000e+02,3.700000000000000000e+01,2.000000000000000000e+01,1.090000000000000000e+02,2.000000000000000000e+01,2.000000000000000000e+01,2.000000000000000000e+01,7.500000000000000000e+01,4.400000000000000000e+01,2.000000000000000000e+00
2.000000000000000000e+01,2.000000000000000000e+01,2.000000000000000000e+01,2.000000000000000000e+01,2.000000000000000000e+01,2.000000000000000000e+01,2.100000000000000000e+01,9.800000000000000000e+01,2.000000000000000000e+01,2.000000000000000000e+01,2.000000000000000000e+01,8.200000000000000000e+01,2.000000000000000000e+01,2.000000000000000000e+01,3.000000000000000000e+01,2.000000000000000000e+01,2.000000000000000000e+01,2.000000000000000000e+01,2.000000000000000000e+01,4.600000000000000000e+01,2.000000000000000000e+00
2.000000000000000000e+01,2.000000000000000000e+01,2.000000000000000000e+01,2.000000000000000000e+01,2.500000000000000000e+01,2.000000000000000000e+01,2.000000000000000000e+01,2.000000000000000000e+01,8.400000000000000000e+01,2.000000000000000000e+01,2.000000000000000000e+01,1.130000000000000000e+02,2.000000000000000000e+01,2.000000000000000000e+01,2.000000000000000000e+01,2.000000000000000000e+01,2.000000000000000000e+01,2.000000000000000000e+01,2.000000000000000000e+01,5.200000000000000000e+01,2.000000000000000000e+00
2.000000000000000000e+01,2.000000000000000000e+01,2.000000000000000000e+01,2.100000000000000000e+01,2.000000000000000000e+01,2.000000000000000000e+01,2.000000000000000000e+01,1.880000000000000000e+02,2.000000000000000000e+01,4.000000000000000000e+01,2.000000000000000000e+01,1.250000000000000000e+02,1.010000000000000000e+02,5.100000000000000000e+01,1.050000000000000000e+02,2.000000000000000000e+01,2.000000000000000000e+01,2.000000000000000000e+01,3.000000000000000000e+01,5.400000000000000000e+01,2.000000000000000000e+00
2.000000000000000000e+01,2.000000000000000000e+01,2.000000000000000000e+01,2.000000000000000000e+01,2.000000000000000000e+01,2.000000000000000000e+01,2.000000000000000000e+01,3.500000000000000000e+01,2.500000000000000000e+01,2.000000000000000000e+01,2.000000000000000000e+01,1.180000000000000000e+02,2.000000000000000000e+01,2.000000000000000000e+01,6.900000000000000000e+01,2.000000000000000000e+01,2.000000000000000000e+01,2.000000000000000000e+01,2.000000000000000000e+01,6.000000000000000000e+01,2.000000000000000000e+00
2.000000000000000000e+01,2.000000000000000000e+01,2.000000000000000000e+01,2.000000000000000000e+01,2.000000000000000000e+01,2.000000000000000000e+01,2.000000000000000000e+01,3.700000000000000000e+01,4.300000000000000000e+01,2.000000000000000000e+01,2.000000000000000000e+01,1.610000000000000000e+02,2.000000000000000000e+01,2.000000000000000000e+01,2.700000000000000000e+01,2.000000000000000000e+01,2.000000000000000000e+01,2.000000000000000000e+01,2.000000000000000000e+01,6.300000000000000000e+01,2.000000000000000000e+00
2.000000000000000000e+01,2.000000000000000000e+01,2.000000000000000000e+01,2.000000000000000000e+01,3.200000000000000000e+01,2.000000000000000000e+01,4.200000000000000000e+01,1.930000000000000000e+02,2.050000000000000000e+02,2.100000000000000000e+01,2.300000000000000000e+01,1.700000000000000000e+02,3.900000000000000000e+01,2.000000000000000000e+01,4.000000000000000000e+01,2.000000000000000000e+01,2.000000000000000000e+01,2.000000000000000000e+01,8.800000000000000000e+01,6.500000000000000000e+01,2.000000000000000000e+00
2.000000000000000000e+01,2.000000000000000000e+01,2.000000000000000000e+01,2.000000000000000000e+01,2.000000000000000000e+01,2.000000000000000000e+01,3.300000000000000000e+01,1.000000000000000000e+02,2.300000000000000000e+01,2.000000000000000000e+01,2.000000000000000000e+01,1.200000000000000000e+02,2.000000000000000000e+01,2.000000000000000000e+01,1.020000000000000000e+02,2.000000000000000000e+01,2.000000000000000000e+01,2.000000000000000000e+01,3.500000000000000000e+01,6.600000000000000000e+01,2.000000000000000000e+00
2.000000000000000000e+01,2.000000000000000000e+01,2.000000000000000000e+01,2.000000000000000000e+01,2.800000000000000000e+01,2.000000000000000000e+01,2.000000000000000000e+01,1.090000000000000000e+02,4.500000000000000000e+01,2.000000000000000000e+01,2.000000000000000000e+01,7.500000000000000000e+01,2.000000000000000000e+01,2.000000000000000000e+01,3.300000000000000000e+01,2.000000000000000000e+01,2.000000000000000000e+01,2.000000000000000000e+01,2.000000000000000000e+01,6.800000000000000000e+01,2.000000000000000000e+00
2.000000000000000000e+01,2.000000000000000000e+01,2.000000000000000000e+01,2.000000000000000000e+01,2.000000000000000000e+01,2.000000000000000000e+01,2.000000000000000000e+01,4.100000000000000000e+01,2.800000000000000000e+01,2.000000000000000000e+01,2.000000000000000000e+01,8.600000000000000000e+01,2.000000000000000000e+01,2.000000000000000000e+01,3.100000000000000000e+01,2.000000000000000000e+01,2.000000000000000000e+01,2.000000000000000000e+01,2.000000000000000000e+01,8.200000000000000000e+01,2.000000000000000000e+00
2.000000000000000000e+01,2.000000000000000000e+01,2.000000000000000000e+01,2.800000000000000000e+01,2.000000000000000000e+01,2.000000000000000000e+01,2.000000000000000000e+01,1.600000000000000000e+02,2.260000000000000000e+02,2.000000000000000000e+01,3.000000000000000000e+01,1.320000000000000000e+02,2.000000000000000000e+01,2.000000000000000000e+01,5.200000000000000000e+01,2.000000000000000000e+01,2.000000000000000000e+01,2.100000000000000000e+01,4.700000000000000000e+01,9.600000000000000000e+01,2.000000000000000000e+00
2.000000000000000000e+01,2.000000000000000000e+01,2.000000000000000000e+01,3.400000000000000000e+01,2.000000000000000000e+01,2.000000000000000000e+01,1.010000000000000000e+02,1.380000000000000000e+02,2.000000000000000000e+01,5.200000000000000000e+01,2.000000000000000000e+01,2.160000000000000000e+02,2.000000000000000000e+01,2.000000000000000000e+01,9.500000000000000000e+01,2.000000000000000000e+01,2.000000000000000000e+01,2.000000000000000000e+01,2.000000000000000000e+01,9.700000000000000000e+01,2.000000000000000000e+00
2.000000000000000000e+01,2.000000000000000000e+01,2.000000000000000000e+01,2.000000000000000000e+01,2.000000000000000000e+01,2.000000000000000000e+01,3.000000000000000000e+01,1.670000000000000000e+02,2.200000000000000000e+01,2.000000000000000000e+01,2.800000000000000000e+01,1.960000000000000000e+02,6.200000000000000000e+01,2.200000000000000000e+01,2.000000000000000000e+01,2.000000000000000000e+01,2.000000000000000000e+01,6.700000000000000000e+01,3.400000000000000000e+01,1.030000000000000000e+02,2.000000000000000000e+00
2.000000000000000000e+01,2.000000000000000000e+01,2.000000000000000000e+01,2.000000000000000000e+01,2.000000000000000000e+01,2.000000000000000000e+01,9.800000000000000000e+01,1.710000000000000000e+02,7.100000000000000000e+01,3.100000000000000000e+01,2.000000000000000000e+01,1.530000000000000000e+02,2.000000000000000000e+01,2.000000000000000000e+01,3.400000000000000000e+01,2.000000000000000000e+01,2.000000000000000000e+01,2.700000000000000000e+01,3.600000000000000000e+01,1.220000000000000000e+02,2.000000000000000000e+00
2.000000000000000000e+01,2.000000000000000000e+01,2.000000000000000000e+01,2.000000000000000000e+01,2.000000000000000000e+01,2.000000000000000000e+01,2.000000000000000000e+01,1.560000000000000000e+02,8.500000000000000000e+01,2.000000000000000000e+01,2.000000000000000000e+01,2.320000000000000000e+02,2.000000000000000000e+01,2.000000000000000000e+01,2.500000000000000000e+01,2.000000000000000000e+01,2.000000000000000000e+01,3.900000000000000000e+01,6.100000000000000000e+01,1.330000000000000000e+02,2.000000000000000000e+00
2.000000000000000000e+01,2.000000000000000000e+01,2.000000000000000000e+01,3.100000000000000000e+01,2.000000000000000000e+01,2.000000000000000000e+01,2.000000000000000000e+01,1.980000000000000000e+02,4.000000000000000000e+01,8.700000000000000000e+01,2.000000000000000000e+01,1.290000000000000000e+02,2.000000000000000000e+01,5.400000000000000000e+01,5.500000000000000000e+01,2.000000000000000000e+01,2.000000000000000000e+01,2.000000000000000000e+01,4.200000000000000000e+01,1.480000000000000000e+02,2.000000000000000000e+00
2.000000000000000000e+01,4.500000000000000000e+01,2.000000000000000000e+01,5.400000000000000000e+01,2.000000000000000000e+01,2.000000000000000000e+01,2.300000000000000000e+01,1.310000000000000000e+02,8.100000000000000000e+01,2.600000000000000000e+01,2.000000000000000000e+01,1.570000000000000000e+02,8.200000000000000000e+01,2.000000000000000000e+01,6.000000000000000000e+01,2.000000000000000000e+01,2.000000000000000000e+01,2.000000000000000000e+01,4.100000000000000000e+01,1.540000000000000000e+02,2.000000000000000000e+00
2.000000000000000000e+01,2.000000000000000000e+01,2.000000000000000000e+01,2.000000000000000000e+01,2.000000000000000000e+01,2.000000000000000000e+01,3.500000000000000000e+01,1.970000000000000000e+02,4.600000000000000000e+01,2.000000000000000000e+01,2.000000000000000000e+01,6.300000000000000000e+01,2.000000000000000000e+01,2.900000000000000000e+01,2.400000000000000000e+01,2.000000000000000000e+01,2.000000000000000000e+01,2.000000000000000000e+01,2.300000000000000000e+01,2.230000000000000000e+02,2.000000000000000000e+00
2.000000000000000000e+01,2.000000000000000000e+01,2.000000000000000000e+01,2.000000000000000000e+01,3.900000000000000000e+01,5.600000000000000000e+01,1.080000000000000000e+02,1.880000000000000000e+02,1.220000000000000000e+02,2.500000000000000000e+01,6.700000000000000000e+01,2.090000000000000000e+02,2.000000000000000000e+01,4.400000000000000000e+01,9.000000000000000000e+01,2.000000000000000000e+01,2.000000000000000000e+01,7.000000000000000000e+01,2.000000000000000000e+01,3.100000000000000000e+02,2.000000000000000000e+00
2.000000000000000000e+01,2.310000000000000000e+02,2.000000000000000000e+01,3.600000000000000000e+01,2.100000000000000000e+01,8.500000000000000000e+01,2.000000000000000000e+01,3.210000000000000000e+02,7.690000000000000000e+02,2.000000000000000000e+01,2.200000000000000000e+01,6.200000000000000000e+01,2.000000000000000000e+01,2.000000000000000000e+01,4.600000000000000000e+01,2.000000000000000000e+01,2.000000000000000000e+01,4.750000000000000000e+02,2.000000000000000000e+01,4.000000000000000000e+02,3.000000000000000000e+00
2.000000000000000000e+01,4.500000000000000000e+01,2.000000000000000000e+01,9.800000000000000000e+01,2.000000000000000000e+01,1.150000000000000000e+02,8.200000000000000000e+01,5.810000000000000000e+02,4.250000000000000000e+02,2.400000000000000000e+01,6.100000000000000000e+01,1.550000000000000000e+02,1.680000000000000000e+02,3.300000000000000000e+01,8.400000000000000000e+01,2.000000000000000000e+01,2.000000000000000000e+01,2.110000000000000000e+02,4.800000000000000000e+01,4.860000000000000000e+02,3.000000000000000000e+00
2.000000000000000000e+01,1.120000000000000000e+02,2.000000000000000000e+01,4.000000000000000000e+01,2.300000000000000000e+01,7.400000000000000000e+01,3.340000000000000000e+02,4.810000000000000000e+02,3.310000000000000000e+02,2.000000000000000000e+01,1.580000000000000000e+02,2.910000000000000000e+02,6.000000000000000000e+01,7.700000000000000000e+01,6.400000000000000000e+01,2.000000000000000000e+01,2.000000000000000000e+01,7.380000000000000000e+02,5.800000000000000000e+01,5.890000000000000000e+02,3.000000000000000000e+00
2.000000000000000000e+01,3.350000000000000000e+02,2.000000000000000000e+01,6.300000000000000000e+01,5.800000000000000000e+01,8.100000000000000000e+01,7.000000000000000000e+01,4.930000000000000000e+02,7.840000000000000000e+02,3.300000000000000000e+01,7.700000000000000000e+01,2.250000000000000000e+02,4.700000000000000000e+01,5.500000000000000000e+01,6.500000000000000000e+01,2.000000000000000000e+01,2.000000000000000000e+01,1.407000000000000000e+03,2.900000000000000000e+01,6.000000000000000000e+02,3.000000000000000000e+00
2.000000000000000000e+01,2.000000000000000000e+01,2.000000000000000000e+01,8.400000000000000000e+01,2.800000000000000000e+01,1.010000000000000000e+02,4.300000000000000000e+01,2.700000000000000000e+02,3.550000000000000000e+02,6.200000000000000000e+01,1.870000000000000000e+02,1.850000000000000000e+02,2.000000000000000000e+01,1.670000000000000000e+02,9.700000000000000000e+01,2.000000000000000000e+01,2.000000000000000000e+01,7.190000000000000000e+02,6.300000000000000000e+01,6.810000000000000000e+02,3.000000000000000000e+00
2.000000000000000000e+01,2.050000000000000000e+02,2.000000000000000000e+01,9.900000000000000000e+01,2.400000000000000000e+01,4.300000000000000000e+01,2.700000000000000000e+01,4.380000000000000000e+02,5.690000000000000000e+02,2.000000000000000000e+01,1.270000000000000000e+02,2.330000000000000000e+02,1.150000000000000000e+02,4.500000000000000000e+01,7.200000000000000000e+01,2.000000000000000000e+01,2.000000000000000000e+01,3.870000000000000000e+02,5.700000000000000000e+01,7.080000000000000000e+02,3.000000000000000000e+00
2.000000000000000000e+01,1.100000000000000000e+02,2.000000000000000000e+01,4.400000000000000000e+01,2.100000000000000000e+01,1.160000000000000000e+02,2.000000000000000000e+01,6.560000000000000000e+02,3.150000000000000000e+02,2.000000000000000000e+01,4.500000000000000000e+01,1.470000000000000000e+02,2.000000000000000000e+01,8.800000000000000000e+01,8.500000000000000000e+01,2.000000000000000000e+01,2.000000000000000000e+01,3.450000000000000000e+02,2.400000000000000000e+01,7.260000000000000000e+02,3.000000000000000000e+00
2.000000000000000000e+01,2.000000000000000000e+01,2.000000000000000000e+01,2.000000000000000000e+01,2.600000000000000000e+01,2.000000000000000000e+01,2.000000000000000000e+01,7.900000000000000000e+01,4.500000000000000000e+01,2.000000000000000000e+01,2.000000000000000000e+01,1.640000000000000000e+02,2.900000000000000000e+01,2.000000000000000000e+01,1.430000000000000000e+02,2.000000000000000000e+01,2.000000000000000000e+01,2.000000000000000000e+01,3.100000000000000000e+01,2.000000000000000000e+01,4.000000000000000000e+00
2.000000000000000000e+01,2.000000000000000000e+01,2.000000000000000000e+01,2.000000000000000000e+01,2.000000000000000000e+01,2.000000000000000000e+01,2.000000000000000000e+01,9.400000000000000000e+01,2.000000000000000000e+01,2.000000000000000000e+01,2.000000000000000000e+01,1.540000000000000000e+02,5.600000000000000000e+01,3.000000000000000000e+01,2.560000000000000000e+02,2.000000000000000000e+01,2.000000000000000000e+01,2.000000000000000000e+01,8.400000000000000000e+01,2.000000000000000000e+01,4.000000000000000000e+00
3.300000000000000000e+01,1.580000000000000000e+02,2.200000000000000000e+01,2.000000000000000000e+01,2.000000000000000000e+01,2.000000000000000000e+01,2.000000000000000000e+01,5.000000000000000000e+01,2.000000000000000000e+01,2.600000000000000000e+01,2.000000000000000000e+01,4.800000000000000000e+02,2.000000000000000000e+01,2.000000000000000000e+01,1.660000000000000000e+02,2.000000000000000000e+01,2.000000000000000000e+01,2.000000000000000000e+01,2.000000000000000000e+01,2.200000000000000000e+01,4.000000000000000000e+00
2.000000000000000000e+01,1.200000000000000000e+02,2.000000000000000000e+01,2.000000000000000000e+01,6.000000000000000000e+01,2.000000000000000000e+01,2.000000000000000000e+01,2.450000000000000000e+02,2.000000000000000000e+01,2.000000000000000000e+01,2.000000000000000000e+01,2.820000000000000000e+02,2.000000000000000000e+01,2.000000000000000000e+01,1.800000000000000000e+02,2.100000000000000000e+01,2.000000000000000000e+01,2.000000000000000000e+01,5.900000000000000000e+01,5.600000000000000000e+01,4.000000000000000000e+00
2.000000000000000000e+01,2.000000000000000000e+01,2.000000000000000000e+01,2.000000000000000000e+01,2.000000000000000000e+01,2.000000000000000000e+01,2.000000000000000000e+01,4.100000000000000000e+01,2.000000000000000000e+01,2.000000000000000000e+01,2.000000000000000000e+01,1.430000000000000000e+02,6.000000000000000000e+01,2.000000000000000000e+01,1.420000000000000000e+02,2.000000000000000000e+01,2.000000000000000000e+01,2.000000000000000000e+01,4.300000000000000000e+01,8.300000000000000000e+01,4.000000000000000000e+00
2.000000000000000000e+01,2.040000000000000000e+02,2.000000000000000000e+01,1.940000000000000000e+02,2.000000000000000000e+01,2.000000000000000000e+01,2.000000000000000000e+01,2.920000000000000000e+02,2.240000000000000000e+02,2.000000000000000000e+01,6.400000000000000000e+01,5.130000000000000000e+02,4.900000000000000000e+01,3.300000000000000000e+01,1.510000000000000000e+02,2.000000000000000000e+01,2.000000000000000000e+01,2.000000000000000000e+01,2.900000000000000000e+01,2.540000000000000000e+02,4.000000000000000000e+00
2.000000000000000000e+01,3.220000000000000000e+02,2.000000000000000000e+01,2.000000000000000000e+01,2.000000000000000000e+01,2.000000000000000000e+01,2.000000000000000000e+01,3.360000000000000000e+02,5.080000000000000000e+02,2.000000000000000000e+01,2.800000000000000000e+01,2.210000000000000000e+02,2.000000000000000000e+01,2.000000000000000000e+01,1.160000000000000000e+02,2.000000000000000000e+01,2.000000000000000000e+01,2.000000000000000000e+01,4.400000000000000000e+01,3.050000000000000000e+02,4.000000000000000000e+00
